pengembang,kecamatan,kelurahan,tipe_rumah,catatan
PT ADIAN RATU,Bathin III,Sungai Binjai,Rumah tapak tipe 36,
PT AMARDHIKA TUJUH LANGIT,Rimbo Tengah,Sungai Mengkuang,Rumah tapak tipe 30/36,
PT ANUGERAH REZEKI BERSAUDARA MADANI,Bungo Dani,Talang Pantai,Rumah tapak tipe 36,
PT ARAH BANGUN PRESTASI MANDIRI,Pasar Muaro Bungo / Rimbo Tengah,Bungo Timur / Pasir Putih,Rumah tapak tipe 36,
PT BANGUN PESONA INDAH,Bungo Dani,Talang Pantai,Rumah tapak tipe 36,
PT BANGUN TIGA ARTHA,Rimbo Tengah,Sungai Mengkuang,Rumah tapak tipe 36,
PT BERKAH CIPTA PERKASA,Bungo Dani / Rimbo Tengah,Cadika / Sungai Kerjan / Sungai Mengkuang,Rumah tapak tipe 36,
PT BUNGO BATHIN DAMAI,Bathin III,Manggis,Rumah tapak tipe 36,
PT BUNGO GRAHA INDAH,Bathin III,Bungo Taman Agung,Rumah tapak tipe 36,
PT CAHAYA BINTANG FENDRA,Jujuhan / Rimbo Tengah,Sirih Sekapur / Sungai Mengkuang,Rumah tapak tipe 36,
PT CANDIKA KAPITAL PROPERTINDO,Rimbo Tengah,Cadika,Rumah tapak tipe 36,
PT CHYNTA AZZUHRA SEJAHTERA,Bathin III,Sungai Binjai,Rumah tapak tipe 36,
PT CIPTA JAYA EWISA,Bathin III / Rimbo Tengah,Cadika / Manggis / Sungai Mengkuang,Rumah tapak tipe 36,
PT CITRA NAE ZIDNI,Bathin III / Pasar Muaro Bungo / Rimbo Tengah,Jaya Setia / Manggis / Pasir Putih,Rumah tapak tipe 30/34/36,
PT DEFANA PERMATA GROUP,Rimbo Tengah,Cadika,Rumah tapak tipe 36,
PT DUPAN BERKAH SEJAHTERA,Rimbo Tengah,Pasir Putih,Rumah tapak tipe 36,
PT GRAHA PRATAMA GEMILANG,Bathin III,Sungai Binjai,Rumah tapak tipe 36,
PT GRIYA MULYA LESTARI,Rimbo Tengah,Sungai Mengkuang,Rumah tapak tipe 36,
PT JAYA BAKTI PERMATA SARI,Bathin III,Bungo Taman Agung,Rumah tapak tipe 36,
PT JINGGA DIRGA PUSPITA,Pelepat Ilir,Purwosari,Rumah tapak tipe 36,
PT KARYA ABADI WIGUNA,Rimbo Tengah,Sungai Mengkuang,Rumah tapak tipe 36,
PT KHAIRUNNISA BUNGO DEMPO,Bathin III / Bungo Dani,Sungai Binjai / Talang Pantai,Rumah tapak tipe 36,
PT KHOVIZ LANSKAP PROPERTI,Rimbo Tengah,Sungai Mengkuang,Rumah tapak tipe 36,
PT LIDYA JAYA ABADI,Bathin III,Manggis,Rumah tapak tipe 36,
PT MARGA MULYA INDAH ASRI,Rimbo Tengah,Pasir Putih,Rumah tapak tipe 36,
PT MITRA HARAPAN KENTJANA,Rimbo Tengah,Pasir Putih,Rumah tapak tipe 36,
PT MITRA SENTOSA MANDIRI,Bathin III,Manggis / Sungai Binjai,Rumah tapak tipe 36,
PT NATA TJIPTA CITA MANDIRI,Rimbo Tengah,Cadika,Rumah tapak tipe 36,
PT NUSANTARA AGUNG PROPERTY,Batin II Babeko,Tanjung Menanti,Rumah tapak tipe 36,
PT PERMATA REAL ESTATE,Bungo Dani,Sungai Kerjan / Talang Pantai,Rumah tapak tipe 36,
PT PETRA CIPTA UTAMA,Batin II Babeko,Tanjung Menanti,Rumah tapak tipe 36,
PT SINAR PENYELAMAT UMAT,Rimbo Tengah,Cadika / Sungai Mengkuang,Rumah tapak tipe 30/35/36,
PT UNO RESIDENCE PROPERTY,Pasar Muaro Bungo,Jaya Setia,Rumah tapak tipe 36,
PT WIJOYO ORIDINA PROPERTI,Bathin III,Manggis,Rumah tapak tipe 36,